<xml xmlns="http://www.w3.org/1999/xhtml">
  <variables>
    <variable type="" id="7[{fja+P~*-7[ssY-Sg:">i</variable>
  </variables>
  <block type="controls_for" id="ro~d2;s44hCu@vXA*gKE" x="88" y="62">
    <field name="VAR" id="7[{fja+P~*-7[ssY-Sg:" variabletype="">i</field>
    <value name="FROM">
      <shadow type="math_number" id="QHfmzP.:;M~o5*aR!qVq">
        <field name="NUM">1</field>
      </shadow>
    </value>
    <value name="TO">
      <shadow type="math_number" id="FJLRYFj`l8(k-l*].30M">
        <field name="NUM">30</field>
      </shadow>
    </value>
    <value name="BY">
      <shadow type="math_number" id="c3k)_2LzD0DIxkTMChU(">
        <field name="NUM">1</field>
      </shadow>
    </value>
    <statement name="DO">
      <block type="controls_if" id="`8p#evV^U1e@.YVx$McY">
        <mutation elseif="2" else="1"></mutation>
        <value name="IF0">
          <block type="logic_operation" id="HXj6uyeWzr_bwRG]ET?B">
            <field name="OP">AND</field>
            <value name="A">
              <block type="logic_compare" id="]`i^{l]c~b!AZmXSt7?.">
                <field name="OP">EQ</field>
                <value name="A">
                  <block type="math_modulo" id="|W^lki@GeIM?05IGVPbv">
                    <value name="DIVIDEND">
                      <shadow type="math_number" id="oe3fxNpKmQOJQ_pv0MzQ">
                        <field name="NUM">64</field>
                      </shadow>
                      <block type="variables_get" id="5f|c#GHaZ4sa_E1{WVe;">
                        <field name="VAR" id="7[{fja+P~*-7[ssY-Sg:" variabletype="">i</field>
                      </block>
                    </value>
                    <value name="DIVISOR">
                      <shadow type="math_number" id=";Y9o:$]Na%(_Th]X#8]A">
                        <field name="NUM">3</field>
                      </shadow>
                    </value>
                  </block>
                </value>
                <value name="B">
                  <block type="math_number" id="z!LA7:+e4*`*|$Um1Ckr">
                    <field name="NUM">0</field>
                  </block>
                </value>
              </block>
            </value>
            <value name="B">
              <block type="logic_compare" id="uk6H=0d!})x6?-nv9EN2">
                <field name="OP">EQ</field>
                <value name="A">
                  <block type="math_modulo" id="rTDf)Bwg.$4R:#NnE66,">
                    <value name="DIVIDEND">
                      <shadow type="math_number" id="oe3fxNpKmQOJQ_pv0MzQ">
                        <field name="NUM">64</field>
                      </shadow>
                      <block type="variables_get" id="OOfp!]U6F5sV5~u)2L7}">
                        <field name="VAR" id="7[{fja+P~*-7[ssY-Sg:" variabletype="">i</field>
                      </block>
                    </value>
                    <value name="DIVISOR">
                      <shadow type="math_number" id="Vy$rYdK`d-*cL9WqJ.4E">
                        <field name="NUM">5</field>
                      </shadow>
                    </value>
                  </block>
                </value>
                <value name="B">
                  <block type="math_number" id="k_;{xFu+d!u9(J#]v3`4">
                    <field name="NUM">0</field>
                  </block>
                </value>
              </block>
            </value>
          </block>
        </value>
        <statement name="DO0">
          <block type="text_print" id="EP0,^SaxuEx-8p~euAnx">
            <value name="TEXT">
              <shadow type="text" id="F(PC5w0d2JNH{?fPSPm4">
                <field name="TEXT">Fizz Buzz</field>
              </shadow>
            </value>
          </block>
        </statement>
        <value name="IF1">
          <block type="logic_compare" id="YIWtx)_1U#cFsI=!?9^m">
            <field name="OP">EQ</field>
            <value name="A">
              <block type="math_modulo" id="Ol*R?7{xNuTpxDanm92Q">
                <value name="DIVIDEND">
                  <shadow type="math_number" id="oe3fxNpKmQOJQ_pv0MzQ">
                    <field name="NUM">64</field>
                  </shadow>
                  <block type="variables_get" id="LqAS5EBx*6%ZG4P{T{qa">
                    <field name="VAR" id="7[{fja+P~*-7[ssY-Sg:" variabletype="">i</field>
                  </block>
                </value>
                <value name="DIVISOR">
                  <shadow type="math_number" id="y`H^!RI6uJB+iEG%5HYG">
                    <field name="NUM">3</field>
                  </shadow>
                </value>
              </block>
            </value>
            <value name="B">
              <block type="math_number" id="91oEqnJgJw$XF60b0[%h">
                <field name="NUM">0</field>
              </block>
            </value>
          </block>
        </value>
        <statement name="DO1">
          <block type="text_print" id="Vw.}K5wFs]gnYfJ9!sa:">
            <value name="TEXT">
              <shadow type="text" id="@o0wI[T1%}JF9fXFCEYT">
                <field name="TEXT">Fizz</field>
              </shadow>
            </value>
          </block>
        </statement>
        <value name="IF2">
          <block type="logic_compare" id="1R1l;PYiU+0CmgCr}*Q1">
            <field name="OP">EQ</field>
            <value name="A">
              <block type="math_modulo" id="rf^lQX|[.Va+*5!J69v^">
                <value name="DIVIDEND">
                  <shadow type="math_number" id="oe3fxNpKmQOJQ_pv0MzQ">
                    <field name="NUM">64</field>
                  </shadow>
                  <block type="variables_get" id=",Mf3`5!/.t9$ghQF2#8S">
                    <field name="VAR" id="7[{fja+P~*-7[ssY-Sg:" variabletype="">i</field>
                  </block>
                </value>
                <value name="DIVISOR">
                  <shadow type="math_number" id="rve,nXK+kG}?JE#|.RYG">
                    <field name="NUM">5</field>
                  </shadow>
                </value>
              </block>
            </value>
            <value name="B">
              <block type="math_number" id="FGTwt%l7g+B*(Kiu$WiG">
                <field name="NUM">0</field>
              </block>
            </value>
          </block>
        </value>
        <statement name="DO2">
          <block type="text_print" id="VpeF6_g4-Lx|pv-UhHp1">
            <value name="TEXT">
              <shadow type="text" id=",DTn[R+=Cc:G]ztb8l?m">
                <field name="TEXT">Buzz</field>
              </shadow>
            </value>
          </block>
        </statement>
        <statement name="ELSE">
          <block type="text_print" id="P4YLu#}4XGh+H.i6uF/8">
            <value name="TEXT">
              <shadow type="text" id="JC#VK]X7-jTF)M%lOE#m">
                <field name="TEXT">Fizz</field>
              </shadow>
              <block type="variables_get" id="U`~hX=tM3uZ-xz][C4/:">
                <field name="VAR" id="7[{fja+P~*-7[ssY-Sg:" variabletype="">i</field>
              </block>
            </value>
          </block>
        </statement>
      </block>
    </statement>
  </block>
</xml>